Instance	soga
1	-7.03223e+00
2	-8.42951e+00
3	-7.43718e+00
4	-7.95580e+00
5	-7.81865e+00
6	-7.71475e+00
7	-6.65382e+00
8	-7.85553e+00
9	-7.18184e+00
10	-7.44063e+00
