Run	NSGA2
1	0.10796
2	0.06282
3	0.06184
4	0.06283
5	0.06283
6	0.06383
7	0.06084
8	0.06283
9	0.06383
10	0.06184
