Instance	OMADS
1	-1.13500e+01
2	-1.12100e+01
3	-1.09100e+01
4	-1.12500e+01
5	-1.13500e+01
6	-1.20200e+01
7	-9.69600e+00
8	-1.21200e+01
9	-1.24300e+01
10	-1.12300e+01
