Run	Time
1	205.95265
2	205.56297
3	214.45221
4	202.22919
5	214.58937
6	213.70968
7	210.68569
8	212.68506
9	208.80459
10	214.54414
