Instance	sbo
1	-4.46437e+08
2	-4.51342e+08
3	-1.16603e+07
4	-6.70263e+08
5	-1.69318e+09
6	-4.23854e+08
7	-2.77900e+08
8	-1.66872e+09
9	-7.06353e+08
10	-3.40994e+08
