Instance	OMADS
1	-1.80000e+20
2	-4.30100e+21
3	-1.45500e+20
4	-9.29700e+19
5	-5.76400e+20
6	-1.26200e+21
7	-4.26500e+20
8	-2.32300e+20
9	-1.75000e+21
10	-3.47500e+21
