Run	Time
1	39.65663
2	37.84613
3	37.09596
4	36.44197
5	33.87855
6	34.93456
7	41.77081
8	35.55431
9	34.48709
10	34.11728
