Run	Time
1	45.74136
2	43.51375
3	46.01915
4	44.24328
5	42.96798
6	42.71963
7	53.34374
8	44.36217
9	44.65778
10	42.53092
