Instance	OMADS
1	-8.56400e+00
2	-9.28700e+00
3	-9.07200e+00
4	-9.03100e+00
5	-9.29700e+00
6	-9.09100e+00
7	-8.60200e+00
8	-9.17700e+00
9	-9.24100e+00
10	-9.10400e+00
