Instance	ego
1	1.60231e+01
2	1.79991e+01
3	1.59619e+01
4	9.00000e+00
5	4.75882e+01
6	1.08846e+02
7	8.18109e+01
8	1.03984e+02
9	3.39218e+01
10	5.76502e+01
