Instance	OASIS
1	6.91933e+00
2	7.39803e+00
3	6.86414e+00
4	9.55936e+00
5	7.85587e+00
6	7.95423e+00
7	9.26465e+00
8	7.44629e+00
9	7.96762e+00
10	6.66643e+00
