Instance	soga
1	2.19043e+03
2	3.01035e+03
3	1.16549e+03
4	1.13361e+03
5	8.21602e+03
6	3.02073e+03
7	9.66817e+03
8	4.31385e+03
9	6.67599e+03
10	7.44256e+03
