Run	OMADS
1	2.22572
2	2.05742
3	2.38566
4	2.13450
5	2.28824
6	2.21306
7	2.63786
8	2.20026
9	2.27781
10	1.97470
