Run	Time
1	1.26233
2	1.24874
3	1.21118
4	1.18715
5	1.27237
6	1.21738
7	1.20768
8	1.18077
9	1.17903
10	1.20516
