Instance	SciPy-DA
1	-8.64800e+51
2	-1.02600e+52
3	-3.65200e+50
4	-1.42500e+49
5	-2.05100e+48
6	-1.30600e+53
7	-5.54900e+50
8	-8.55000e+50
9	-1.57900e+54
10	-4.04000e+48
