Run	SPEA2
1	0.02294
2	0.02194
3	0.02194
4	0.02194
5	0.02194
6	0.02094
7	0.02294
8	0.02194
9	0.01995
10	0.01995
