Instance	sbo
1	-2.92806e+07
2	-1.14693e+08
3	-1.36751e+08
4	-1.11899e+08
5	-7.61378e+07
6	-1.49981e+08
7	-2.64551e+08
8	-1.14795e+08
9	-8.17136e+08
10	-8.95326e+08
