Instance	Nevergrad
1	-8.36400e+00
2	-8.36400e+00
3	-8.36400e+00
4	-8.36400e+00
5	-8.36400e+00
6	-8.36400e+00
7	-8.36400e+00
8	-8.36400e+00
9	-8.36400e+00
10	-8.36400e+00
