Run	Time
1	3.11136
2	3.16869
3	3.08655
4	2.99134
5	3.31391
6	3.15032
7	2.97935
8	3.16062
9	3.13102
10	2.97804
