Run	MOEAD
1	0.45779
2	0.45992
3	0.46078
4	0.45894
5	0.45380
6	0.51663
7	0.45480
8	0.45791
9	0.45480
10	0.46601
