Run	MOEAD
1	0.10173
2	0.10273
3	0.10273
4	0.10472
5	0.10572
6	0.10073
7	0.10173
8	0.10073
9	0.09974
10	0.10073
