Run	SPEA2
1	0.08677
2	0.08278
3	0.08677
4	0.08877
5	0.08976
6	0.09176
7	0.08378
8	0.08378
9	0.08278
10	0.08278
