Instance	GENIE
1	-7.87818e+00
2	-7.87818e+00
3	-7.87818e+00
4	-7.87818e+00
5	-7.87818e+00
6	-7.87818e+00
7	-7.87818e+00
8	-7.87818e+00
9	-7.87818e+00
10	-7.87818e+00
