Run	MOEAD
1	0.12717
2	0.12085
3	0.12152
4	0.12249
5	0.13439
6	0.12350
7	0.16679
8	0.12655
9	0.12070
10	0.12007
