Instance	ea
1	2.65313e+05
2	1.87073e+05
3	2.00953e+05
4	6.11218e+04
5	1.07182e+05
6	3.78561e+04
7	5.93655e+04
8	8.62131e+04
9	6.03112e+04
10	8.88354e+04
