Instance	GENIE
1	8.44346e+00
2	8.44346e+00
3	8.44346e+00
4	8.44346e+00
5	8.44346e+00
6	8.44346e+00
7	8.44346e+00
8	8.44346e+00
9	8.44346e+00
10	8.44346e+00
