Run	SPEA2
1	0.02684
2	0.02571
3	0.02522
4	0.02522
5	0.02458
6	0.02506
7	0.02381
8	0.02465
9	0.02443
10	0.02334
