Run	Time
1	5.11568
2	4.60408
3	4.66587
4	5.03135
5	3.72930
6	4.47899
7	4.89541
8	5.06504
9	5.00292
10	4.79858
