Instance	Nevergrad
1	1.33800e+00
2	1.33800e+00
3	1.33800e+00
4	1.33800e+00
5	1.33800e+00
6	1.33800e+00
7	1.59000e+00
8	1.76600e+00
9	1.17800e+00
10	1.33800e+00
