Instance	ea
1	-3.56235e+00
2	-4.84992e+00
3	-4.31251e+00
4	-4.25085e+00
5	-3.68111e+00
6	-3.75159e+00
7	-4.05323e+00
8	-4.60147e+00
9	-5.07970e+00
10	-3.56119e+00
