Run	Time
1	0.35824
2	0.27870
3	0.29430
4	0.28916
5	0.27529
6	0.27634
7	0.28122
8	0.28228
9	0.27605
10	0.27838
