Run	Time
1	0.05152
2	0.04653
3	0.04764
4	0.04708
5	0.04863
6	0.04684
7	0.05034
8	0.04858
9	0.04741
10	0.04391
