Instance	SciPy-DE
1	7.77400e+04
2	3.30000e+04
3	9.14000e+04
4	4.68700e+04
5	2.83500e+04
6	6.87100e+04
7	2.46900e+04
8	6.42900e+04
9	3.97900e+04
10	7.17300e+04
