Instance	soga
1	-7.99598e+00
2	-8.32039e+00
3	-7.90856e+00
4	-7.95306e+00
5	-7.27885e+00
6	-7.10837e+00
7	-8.04448e+00
8	-7.59258e+00
9	-8.63622e+00
10	-7.70059e+00
