Instance	ego
1	-4.73038e+08
2	-3.21810e+07
3	-3.29169e+07
4	-5.06310e+07
5	-8.85077e+07
6	-2.89426e+07
7	-7.45152e+07
8	-3.44108e+07
9	-1.66778e+07
10	-7.06793e+07
