Instance	soga
1	-3.29520e+09
2	-4.02523e+09
3	-8.03652e+08
4	-4.45180e+09
5	-3.25042e+09
6	-2.44814e+09
7	-1.21289e+10
8	-9.96774e+08
9	-2.65268e+09
10	-3.56109e+09
