Instance	ea
1	1.34736e+06
2	1.03299e+05
3	6.61107e+04
4	9.75736e+04
5	1.10154e+05
6	5.24592e+04
7	2.01025e+05
8	1.09259e+05
9	1.46387e+05
10	1.12100e+05
