Run	Time
1	0.00151
2	0.00000
3	0.00000
4	0.01562
5	0.00000
6	0.00000
7	0.00182
8	0.00000
9	0.00000
10	0.01701
