Instance	SciPy-DIRECT
1	4.90000e+01
2	4.90000e+01
3	4.90000e+01
4	4.90000e+01
5	4.90000e+01
6	4.90000e+01
7	4.90000e+01
8	4.90000e+01
9	4.90000e+01
10	4.90000e+01
