Instance	genie_opt_darts
1	1.12717e+05
2	1.97095e+04
3	4.93795e+04
4	5.32880e+04
5	2.96919e+04
6	5.83783e+04
7	6.88552e+04
8	8.08076e+04
9	4.57636e+04
10	3.85470e+04
