Run	SPEA2
1	0.02194
2	0.02394
3	0.02094
4	0.02393
5	0.02094
6	0.02194
7	0.02194
8	0.02194
9	0.02194
10	0.02194
