Instance	genie_opt_darts
1	-7.93025e+08
2	-1.10733e+08
3	-1.92056e+08
4	-2.69752e+08
5	-3.58190e+08
6	-2.42926e+08
7	-9.51656e+07
8	-1.59597e+08
9	-1.76659e+08
10	-8.59391e+08
