Instance	soga
1	-1.01164e+09
2	-2.01552e+09
3	-1.21840e+09
4	-1.61718e+09
5	-1.67467e+09
6	-2.70832e+09
7	-1.00814e+09
8	-2.02710e+08
9	-9.75743e+08
10	-1.94637e+09
