Run	Time
1	0.04781
2	0.02695
3	0.04813
4	0.03714
5	0.03610
6	0.03530
7	0.04450
8	0.02848
9	0.04659
10	0.02778
