Instance	SciPy-DA
1	3.52600e+04
2	4.62100e+04
3	3.57800e+04
4	3.44500e+04
5	4.59900e+04
6	3.50100e+04
7	3.04200e+04
8	3.16200e+04
9	3.96400e+04
10	3.13200e+04
