Instance	sbo
1	-6.04334e+00
2	-4.59035e+00
3	-6.06478e+00
4	-4.91309e+00
5	-6.25368e+00
6	-5.38591e+00
7	-4.43352e+00
8	-9.20651e+00
9	-6.28445e+00
10	-5.32729e+00
