Instance	OASIS
1	-7.72136e+25
2	-4.17647e+25
3	-5.60763e+25
4	-1.07999e+26
5	-2.07907e+24
6	-1.59270e+23
7	-1.63847e+24
8	-8.14072e+26
9	-3.59055e+25
10	-1.10424e+26
