Instance	SciPy-DIRECT
1	-4.91100e+38
2	-4.91100e+38
3	-4.91100e+38
4	-4.91100e+38
5	-4.91100e+38
6	-4.91100e+38
7	-4.91100e+38
8	-4.91100e+38
9	-4.91100e+38
10	-4.91100e+38
