Run	Time
1	0.25596
2	0.27989
3	0.25376
4	0.25844
5	0.24698
6	0.26306
7	0.24950
8	0.27592
9	0.28755
10	0.26111
