Instance	ea
1	-1.86702e+07
2	-2.82592e+07
3	-2.05066e+07
4	-1.29980e+08
5	-5.61746e+07
6	-2.14194e+07
7	-9.46427e+07
8	-2.43119e+07
9	-1.64473e+08
10	-4.70394e+07
