Instance	SciPy-DIRECT
1	8.93900e+00
2	8.93900e+00
3	8.93900e+00
4	8.93900e+00
5	8.93900e+00
6	8.93900e+00
7	8.93900e+00
8	8.93900e+00
9	8.93900e+00
10	8.93900e+00
