Run	Time
1	0.00124
2	0.00319
3	0.00549
4	0.00331
5	0.00595
6	0.00198
7	0.00429
8	0.00321
9	0.00696
10	0.00338
