Instance	sbo
1	-8.58672e+00
2	-6.85961e+00
3	-6.72325e+00
4	-6.70081e+00
5	-4.77083e+00
6	-5.59314e+00
7	-6.74632e+00
8	-7.83023e+00
9	-6.16281e+00
10	-5.59385e+00
