Instance	Nevergrad
1	-1.69700e+01
2	-1.36000e+01
3	-1.67900e+01
4	-1.62300e+01
5	-1.75100e+01
6	-1.66800e+01
7	-1.75600e+01
8	-1.68700e+01
9	-1.59900e+01
10	-1.64800e+01
