Run	Time
1	3.65971
2	3.56858
3	3.36454
4	3.25851
5	3.20982
6	3.26787
7	3.58269
8	3.24826
9	3.28319
10	3.22958
