Run	Time
1	0.01299
2	0.00196
3	0.01705
4	0.01641
5	0.01642
6	0.01710
7	0.01526
8	0.00000
9	0.01710
10	0.01621
