Instance	SciPy-DA
1	-1.43100e+11
2	-2.72300e+10
3	-1.15200e+11
4	-9.04500e+10
5	-5.66200e+10
6	-1.17200e+11
7	-4.97600e+10
8	-5.52300e+10
9	-1.08100e+11
10	-4.00200e+10
