Run	Time
1	0.10568
2	0.07499
3	0.08418
4	0.09302
5	0.08736
6	0.08325
7	0.08334
8	0.08292
9	0.08417
10	0.09206
