Instance	sbo
1	-7.41641e+00
2	-6.75033e+00
3	-6.95655e+00
4	-6.41235e+00
5	-8.24125e+00
6	-5.72233e+00
7	-7.09934e+00
8	-8.32268e+00
9	-7.25186e+00
10	-5.06943e+00
