Instance	SciPy-DE
1	-2.23800e+17
2	-2.86400e+20
3	-1.12100e+19
4	-6.75900e+17
5	-9.56500e+18
6	-2.11200e+18
7	-1.59500e+18
8	-4.82500e+17
9	-1.66500e+18
10	-1.95800e+19
