Run	Time
1	0.31283
2	0.31086
3	0.30186
4	0.31517
5	0.30606
6	0.34539
7	0.31036
8	0.31614
9	0.30788
10	0.29939
