Instance	Nevergrad
1	4.83700e+01
2	4.83800e+01
3	4.83200e+01
4	4.83800e+01
5	4.83100e+01
6	4.83400e+01
7	4.84200e+01
8	4.83400e+01
9	4.84000e+01
10	4.83600e+01
