Run	Time
1	0.37170
2	0.41864
3	0.37727
4	0.37839
5	0.42953
6	0.38918
7	0.36154
8	0.43741
9	0.36655
10	0.36493
