Run	SPEA2
1	0.02294
2	0.02294
3	0.02194
4	0.02194
5	0.02095
6	0.02294
7	0.02194
8	0.02394
9	0.02394
10	0.02194
