Instance	sbo
1	-1.45982e+08
2	-7.84752e+09
3	-5.48786e+08
4	-7.96697e+07
5	-5.67558e+07
6	-1.85724e+07
7	-4.64675e+08
8	-1.40054e+09
9	-5.65100e+08
10	-8.17846e+08
