Instance	OASIS
1	2.22645e+02
2	1.07916e+03
3	1.00365e+03
4	5.19381e+02
5	9.16056e+02
6	6.11947e+02
7	6.44763e+02
8	1.81018e+03
9	1.04166e+03
10	2.56779e+03
