Run	OMADS
1	2.20195
2	2.15306
3	1.97514
4	2.23920
5	2.18306
6	2.03789
7	1.91840
8	1.99798
9	2.15969
10	1.80471
