Instance	GENIE
1	9.00000e+00
2	9.00000e+00
3	9.00000e+00
4	9.00000e+00
5	9.00000e+00
6	9.00000e+00
7	9.00000e+00
8	9.00000e+00
9	9.00000e+00
10	9.00000e+00
