Run	SPEA2
1	0.06483
2	0.06583
3	0.06383
4	0.06782
5	0.06583
6	0.06483
7	0.06183
8	0.06383
9	0.06683
10	0.06383
