Instance	GENIE
1	-1.71017e+06
2	-1.71017e+06
3	-1.71017e+06
4	-1.71017e+06
5	-1.71017e+06
6	-1.71017e+06
7	-1.71017e+06
8	-1.71017e+06
9	-1.71017e+06
10	-1.71017e+06
