Run	NSGA2
1	0.11969
2	0.07380
3	0.07081
4	0.07380
5	0.07380
6	0.07181
7	0.07281
8	0.07680
9	0.07281
10	0.06882
