Run	Time
1	0.21908
2	0.22673
3	0.21017
4	0.21579
5	0.21196
6	0.21868
7	0.20983
8	0.21363
9	0.21039
10	0.20976
