Instance	SciPy-DIRECT
1	-1.93700e+19
2	-1.93700e+19
3	-1.93700e+19
4	-1.93700e+19
5	-1.93700e+19
6	-1.93700e+19
7	-1.93700e+19
8	-1.93700e+19
9	-1.93700e+19
10	-1.93700e+19
