Instance	SciPy-DA
1	-5.17400e+27
2	-7.94500e+29
3	-1.61300e+29
4	-5.15000e+28
5	-1.22200e+29
6	-1.17900e+29
7	-7.75800e+29
8	-4.21200e+29
9	-9.51100e+28
10	-5.25500e+27
