Run	Time
1	0.25499
2	0.23060
3	0.22163
4	0.22718
5	0.23754
6	0.23266
7	0.22474
8	0.23799
9	0.25258
10	0.23205
