Run	Time
1	3.41389
2	3.26741
3	3.53986
4	3.47942
5	3.38613
6	3.40306
7	3.33635
8	3.36189
9	3.33779
10	3.36083
