Instance	SciPy-DE
1	-4.75200e+33
2	-8.86900e+33
3	-9.61400e+32
4	-8.28100e+35
5	-4.58000e+33
6	-5.56100e+33
7	-3.46700e+32
8	-1.32900e+33
9	-1.01600e+34
10	-4.54300e+32
