Run	Time
1	0.14327
2	0.11923
3	0.11517
4	0.10140
5	0.11519
6	0.10659
7	0.09479
8	0.10038
9	0.11743
10	0.10081
