Instance	pymoo-GA
1	-8.79600e+08
2	-2.01600e+09
3	-2.06200e+08
4	-6.74500e+08
5	-3.84100e+09
6	-2.39700e+09
7	-3.50200e+09
8	-1.71600e+09
9	-6.86500e+08
10	-3.33800e+08
