Instance	NCSU
1	-5.81616e+00
2	-5.81616e+00
3	-5.81616e+00
4	-5.81616e+00
5	-5.81616e+00
6	-5.81616e+00
7	-5.81616e+00
8	-5.81616e+00
9	-5.81616e+00
10	-5.81616e+00
