Instance	NCSU
1	5.02827e+02
2	5.02827e+02
3	5.02827e+02
4	5.02827e+02
5	5.02827e+02
6	5.02827e+02
7	5.02827e+02
8	5.02827e+02
9	5.02827e+02
10	5.02827e+02
