Instance	COLINY
1	-6.87005e+08
2	-6.87005e+08
3	-6.87005e+08
4	-6.87005e+08
5	-6.87005e+08
6	-6.87005e+08
7	-6.87005e+08
8	-6.87005e+08
9	-6.87005e+08
10	-6.87005e+08
