Instance	OASIS
1	-1.58829e+01
2	-1.49302e+01
3	-1.59343e+01
4	-1.81923e+01
5	-1.42606e+01
6	-1.51718e+01
7	-1.46420e+01
8	-1.41905e+01
9	-1.68525e+01
10	-1.46112e+01
