Instance	OMADS
1	8.23800e+00
2	8.27900e+00
3	8.49200e+00
4	8.21800e+00
5	8.20100e+00
6	8.34300e+00
7	8.23800e+00
8	8.27700e+00
9	8.06000e+00
10	8.37200e+00
