Run	Time
1	47.33692
2	48.66469
3	46.48837
4	50.04265
5	47.31055
6	49.16509
7	49.79980
8	50.54742
9	49.22922
10	47.68765
