Instance	GENIE
1	-6.37632e+08
2	-6.37632e+08
3	nan
4	-6.37632e+08
5	-6.37632e+08
6	-6.37632e+08
7	-6.37632e+08
8	-6.37632e+08
9	-6.37632e+08
10	-6.37632e+08
