Run	Time
1	0.07230
2	0.07828
3	0.07207
4	0.07095
5	0.07245
6	0.07052
7	0.07171
8	0.07138
9	0.07070
10	0.06867
