Instance	pymoo-GA
1	-7.07200e+00
2	-7.46100e+00
3	-7.86900e+00
4	-7.81000e+00
5	-7.62400e+00
6	-7.28000e+00
7	-6.89100e+00
8	-6.78300e+00
9	-7.42200e+00
10	-6.60400e+00
