Run	Time
1	2.76943
2	2.92231
3	2.35638
4	2.31672
5	2.31995
6	2.35876
7	2.25028
8	2.60709
9	2.30736
10	2.28464
