Instance	Nevergrad
1	-6.32400e+41
2	-1.15200e+45
3	-2.40500e+44
4	-2.13700e+46
5	-4.06500e+40
6	-1.68100e+44
7	-9.18100e+41
8	-2.35300e+42
9	-2.50900e+41
10	-4.53500e+45
