Instance	NCSU
1	-2.01336e+06
2	-2.01336e+06
3	-2.01336e+06
4	-2.01336e+06
5	-2.01336e+06
6	-2.01336e+06
7	-2.01336e+06
8	-2.01336e+06
9	-2.01336e+06
10	-2.01336e+06
