Instance	GENIE
1	-3.84367e+00
2	-3.84367e+00
3	-3.84367e+00
4	-3.84367e+00
5	-3.84367e+00
6	-3.84367e+00
7	-3.84367e+00
8	-3.84367e+00
9	-3.84367e+00
10	-3.84367e+00
