Instance	SciPy-DE
1	-4.58000e+00
2	-4.35500e+00
3	-4.70400e+00
4	-4.42100e+00
5	-3.86800e+00
6	-4.68800e+00
7	-4.20800e+00
8	-4.40100e+00
9	-3.90700e+00
10	-5.45700e+00
