Run	Time
1	0.06688
2	0.05671
3	0.05773
4	0.05862
5	0.05699
6	0.05616
7	0.05605
8	0.05802
9	0.05791
10	0.05667
