Instance	ego
1	-5.28313e+00
2	-4.81657e+00
3	-6.10173e+00
4	-4.55628e+00
5	-5.66009e+00
6	-5.43737e+00
7	-5.55394e+00
8	-4.64302e+00
9	-4.80348e+00
10	-5.45488e+00
