Instance	sbo
1	1.45572e+02
2	1.00994e+02
3	2.34136e+02
4	8.72520e+01
5	5.27534e+01
6	9.64742e+01
7	7.79541e+01
8	1.33571e+03
9	2.24488e+02
10	1.76873e+02
