Instance	soga
1	-8.09785e+00
2	-8.10101e+00
3	-7.75738e+00
4	-7.64209e+00
5	-7.09906e+00
6	-8.40933e+00
7	-7.43585e+00
8	-6.47150e+00
9	-7.03301e+00
10	-8.06806e+00
