Run	Time
1	0.05883
2	0.05006
3	0.04610
4	0.04537
5	0.04726
6	0.04438
7	0.05000
8	0.04967
9	0.05064
10	0.05653
