Instance	SciPy-DA
1	1.49300e+02
2	6.50800e+02
3	7.91800e+01
4	7.78100e+01
5	1.27600e+02
6	4.49100e+02
7	1.54000e+02
8	2.33200e+02
9	4.58700e+01
10	1.69200e+02
