Instance	soga
1	-1.33206e+09
2	-5.26373e+08
3	-2.50083e+10
4	-1.82386e+10
5	-4.42900e+09
6	-1.32289e+09
7	-3.51170e+09
8	-6.67622e+09
9	-7.54702e+09
10	-1.22361e+09
