Run	MOEAD
1	0.11569
2	0.10871
3	0.10273
4	0.10173
5	0.09973
6	0.10173
7	0.09973
8	0.10073
9	0.10073
10	0.10273
