Instance	sbo
1	4.57894e+00
2	3.83865e+00
3	5.88092e+01
4	1.67557e+02
5	2.43654e+01
6	1.62813e+02
7	2.05522e+01
8	5.47249e+01
9	2.11472e+01
10	5.35537e+01
