Run	OMADS
1	2.58447
2	3.16897
3	2.66234
4	3.50422
5	2.69182
6	2.62651
7	3.69734
8	3.05133
9	2.92446
10	2.90791
