Instance	ea
1	-2.96791e+00
2	-4.23990e+00
3	-3.85850e+00
4	-3.70885e+00
5	-4.36545e+00
6	-4.04894e+00
7	-3.93597e+00
8	-4.31867e+00
9	-3.37500e+00
10	-3.61350e+00
