Run	NSGA2
1	0.07879
2	0.02094
3	0.02094
4	0.02194
5	0.01995
6	0.02094
7	0.01995
8	0.01995
9	0.01795
10	0.01995
