Run	Time
1	39.97259
2	39.73105
3	39.92059
4	40.02026
5	48.81545
6	39.92605
7	41.71300
8	39.43657
9	40.91353
10	40.64881
