Instance	OMADS
1	-5.74700e+08
2	-9.56400e+08
3	-1.24000e+08
4	-1.02700e+07
5	-6.76200e+08
6	-2.09800e+09
7	-1.22100e+09
8	-2.29100e+07
9	-5.72000e+07
10	-1.71900e+07
