Instance	genie_opt_darts
1	-4.11139e+00
2	-3.56661e+00
3	-3.86945e+00
4	-3.70764e+00
5	-4.32961e+00
6	-3.85968e+00
7	-3.62157e+00
8	-3.73072e+00
9	-3.95589e+00
10	-3.56875e+00
