Instance	Nevergrad
1	-4.74000e+20
2	-1.99800e+20
3	-3.82800e+23
4	-1.71400e+25
5	-3.62000e+21
6	-1.01000e+24
7	-6.90900e+20
8	-2.33700e+20
9	-2.05900e+23
10	-6.25100e+20
