Run	Time
1	1.50792
2	1.58655
3	1.46922
4	1.44607
5	1.47607
6	1.48859
7	1.45642
8	1.72510
9	1.45052
10	1.50849
