Run	MOEAD
1	0.10173
2	0.10572
3	0.10124
4	0.09874
5	0.09973
6	0.09973
7	0.10472
8	0.10273
9	0.10173
10	0.10073
