Instance	ea
1	-2.76098e+07
2	-2.82592e+07
3	-1.58140e+07
4	-7.17650e+07
5	-4.99267e+07
6	-5.28943e+07
7	-1.00248e+07
8	-1.77824e+07
9	-5.64648e+07
10	-6.18504e+07
