Instance	soga
1	1.01443e+04
2	2.43315e+03
3	3.50272e+03
4	4.86348e+03
5	3.13897e+03
6	1.31655e+04
7	3.40466e+03
8	3.30433e+03
9	4.72350e+03
10	3.10490e+03
