Run	Time
3	854.99237
4	799.29808
5	821.21254
6	850.01756
7	1016.03273
8	824.86491
9	809.65406
10	790.11323
