Instance	Ax-BO
1	6.22000e+03
2	2.31300e+03
3	1.52400e+03
4	5.50300e+03
5	4.12300e+03
6	7.34400e+03
7	3.12100e+03
8	3.62300e+03
9	3.32800e+03
10	3.22500e+03
