Run	NSGA2
1	0.07580
2	0.01995
3	0.01895
4	0.01895
5	0.02194
6	0.01995
7	0.02094
8	0.01995
9	0.01995
10	0.02294
