Instance	SMT-EGO
1	5.63600e+03
2	4.46800e+03
3	3.44700e+04
4	6.41800e+03
5	1.90400e+04
6	6.61600e+04
7	2.96000e+04
8	2.79000e+03
9	5.16700e+03
10	4.50400e+04
