Run	Time
3	1986.57887
4	1895.43265
5	1787.02454
6	1888.88374
7	1925.17859
8	1839.73435
9	1540.18124
10	1869.23168
