Instance	OMADS
1	8.74000e+03
2	6.71600e+03
3	8.69600e+03
4	9.06100e+03
5	6.53500e+03
6	1.02300e+04
7	8.90700e+03
8	7.43500e+03
9	7.17800e+03
10	8.85500e+03
