Run	Time
1	12.20198
2	12.04714
3	12.08656
4	12.06604
5	12.11029
6	11.98081
7	12.02753
8	12.14646
9	12.13643
10	12.10753
