Run	NSGA2
1	0.14380
2	0.02228
3	0.02175
4	0.02050
5	0.02023
6	0.02042
7	0.02174
8	0.02259
9	0.02136
10	0.02137
