Run	OMADS
1	2.26950
2	2.23610
3	2.20187
4	2.29127
5	2.46300
6	2.24542
7	2.25519
8	2.16669
9	2.30074
10	2.05008
