Instance	SciPy-DE
1	-2.65400e+07
2	-2.71700e+07
3	-4.29500e+07
4	-2.03600e+07
5	-1.54000e+08
6	-3.31400e+07
7	-1.97400e+07
8	-1.10200e+07
9	-1.00700e+07
10	-7.77500e+07
