Run	Time
1	0.08939
2	0.10097
3	0.09892
4	0.09912
5	0.08329
6	0.09997
7	0.09933
8	0.09985
9	0.09963
10	0.08386
