Run	Time
1	2.60264
2	3.19539
3	3.01160
4	2.81427
5	3.07758
6	2.93948
7	2.93149
8	2.68177
9	2.02854
10	2.61171
