Run	Time
1	1.35616
2	1.23587
3	1.22658
4	1.30885
5	1.27372
6	1.33870
7	1.33559
8	1.25498
9	1.22393
10	1.29980
