Instance	pymoo-GA
1	-4.32700e+34
2	-7.76600e+35
3	-8.02300e+34
4	-1.04000e+36
5	-1.37700e+36
6	-5.18900e+35
7	-1.59700e+36
8	-2.23500e+37
9	-5.24400e+36
10	-5.89000e+36
