Run	Time
1	163.91839
2	160.46763
3	159.35155
4	158.90137
5	159.99985
6	159.17919
7	158.82725
8	159.23046
9	158.98653
10	160.49184
