Instance	OASIS
1	-4.11768e+48
2	-1.89273e+47
3	-3.19068e+45
4	-7.47760e+46
5	-8.24476e+43
6	-3.85426e+45
7	-1.93137e+49
8	-1.17636e+47
9	-2.44574e+46
10	-1.01673e+45
