Instance	SciPy-DIRECT
1	-6.36300e+06
2	-6.36300e+06
3	-6.36300e+06
4	-6.36300e+06
5	-6.36300e+06
6	-6.36300e+06
7	-6.36300e+06
8	-6.36300e+06
9	-6.36300e+06
10	-6.36300e+06
