Run	Time
1	0.06606
2	0.06308
3	0.05534
4	0.04059
5	0.05525
6	0.05517
7	0.05416
8	0.05497
9	0.05521
10	0.05482
