Run	Time
1	0.03635
2	0.05103
3	0.05070
4	0.04965
5	0.05119
6	0.03878
7	0.05007
8	0.06859
9	0.05240
10	0.04264
