Instance	SciPy-DA
1	-8.33600e+00
2	-8.22900e+00
3	-8.56600e+00
4	-8.95800e+00
5	-8.09700e+00
6	-8.75000e+00
7	-8.54400e+00
8	-7.65400e+00
9	-7.76800e+00
10	-8.59200e+00
