Run	Time
1	16.66489
2	16.96030
3	49.76992
4	17.58608
5	50.90723
6	18.59197
7	17.84892
8	52.66470
9	52.63826
10	53.11474
