Instance	OMADS
1	-1.60800e+37
2	-5.57000e+37
3	-7.03200e+29
4	-4.36600e+38
5	-1.16000e+32
6	-1.69000e+38
7	-2.44100e+35
8	-1.74600e+32
9	-5.09100e+31
10	-1.39800e+34
