Instance	pymoo-GA
1	-1.99400e+20
2	-9.56200e+20
3	-9.66400e+19
4	-4.36200e+20
5	-8.61700e+20
6	-1.14800e+21
7	-6.12900e+21
8	-6.90500e+21
9	-4.02600e+20
10	-2.47600e+19
