Run	Time
1	0.31851
2	0.26616
3	0.25954
4	0.26835
5	0.26733
6	0.26924
7	0.26626
8	0.25556
9	0.26609
10	0.25389
