Instance	pymoo-GA
1	-1.28300e+01
2	-1.21700e+01
3	-1.24500e+01
4	-1.17600e+01
5	-1.24900e+01
6	-1.23500e+01
7	-1.19600e+01
8	-1.31300e+01
9	-1.35400e+01
10	-1.25600e+01
