Run	Time
1	0.40501
2	0.38036
3	0.40124
4	0.36008
5	0.36248
6	0.36027
7	0.33876
8	0.39323
9	0.35842
10	0.34910
