Run	OMADS
1	2.22800
2	2.04374
3	2.04117
4	2.06038
5	2.34087
6	2.15463
7	2.15339
8	2.14868
9	2.73031
10	2.75928
