Run	Time
1	0.28567
2	0.30204
3	0.28618
4	0.30440
5	0.33823
6	0.28352
7	0.29970
8	0.30341
9	0.29900
10	0.29525
