Run	Time
1	0.16106
2	0.15942
3	0.16161
4	0.16030
5	0.15973
6	0.16260
7	0.16141
8	0.16266
9	0.16158
10	0.16116
