Run	NSGA2
1	0.07181
2	0.01895
3	0.02094
4	0.02194
5	0.02094
6	0.01995
7	0.01895
8	0.01995
9	0.01696
10	0.01796
