Run	Time
1	0.31109
2	0.31625
3	0.31997
4	0.32157
5	0.29364
6	0.32825
7	0.30594
8	0.32561
9	0.31875
10	0.30660
