Instance	SciPy-DE
1	-8.95600e+00
2	-7.89100e+00
3	-8.56700e+00
4	-7.61600e+00
5	-7.92400e+00
6	-7.63800e+00
7	-7.74600e+00
8	-8.13200e+00
9	-8.09500e+00
10	-7.01800e+00
