Instance	SciPy-DIRECT
1	-1.17100e+01
2	-1.17100e+01
3	-1.17100e+01
4	-1.17100e+01
5	-1.17100e+01
6	-1.17100e+01
7	-1.17100e+01
8	-1.17100e+01
9	-1.17100e+01
10	-1.17100e+01
