Run	Time
1	0.21874
2	0.21877
3	0.20572
4	0.19925
5	0.21636
6	0.20011
7	0.21083
8	0.20392
9	0.19713
10	0.19221
