Instance	pymoo-GA
1	1.39400e+06
2	1.71900e+06
3	1.70700e+06
4	1.14500e+06
5	1.49400e+06
6	1.27300e+06
7	1.83300e+06
8	1.34900e+06
9	1.07600e+06
10	1.37900e+06
