Run	Time
1	0.08176
2	0.06999
3	0.06737
4	0.05701
5	0.07874
6	0.07487
7	0.06575
8	0.06716
9	0.06466
10	0.06291
