Instance	Nevergrad
1	-1.82900e+08
2	-5.82600e+09
3	-6.51800e+08
4	-1.66000e+10
5	-7.57400e+08
6	-3.34100e+07
7	-2.37000e+08
8	-1.23900e+09
9	-1.81700e+07
10	-2.18800e+09
