Run	Time
1	2.26060
2	2.29041
3	2.08312
4	2.45537
5	2.17088
6	2.09533
7	1.74454
8	2.24016
9	1.78081
10	2.53658
