Run	Time
1	0.24923
2	0.24448
3	0.24567
4	0.24321
5	0.24416
6	0.24819
7	0.24577
8	0.24419
9	0.24341
10	0.24385
