Instance	OASIS
1	-2.30483e+01
2	-2.05361e+01
3	-2.49858e+01
4	-2.12011e+01
5	-2.21037e+01
6	-2.01374e+01
7	-2.85608e+01
8	-2.45958e+01
9	-2.32078e+01
10	-2.18138e+01
