Instance	OASIS
1	-1.77790e+11
2	-1.91397e+10
3	-7.51129e+09
4	-5.38124e+09
5	-1.86420e+10
6	-1.01044e+10
7	-3.66115e+09
8	-2.91799e+10
9	-1.46729e+09
10	-2.17402e+09
