Instance	ea
1	-4.31260e+00
2	-4.90050e+00
3	-4.08030e+00
4	-4.21270e+00
5	-4.33983e+00
6	-3.95092e+00
7	-3.76506e+00
8	-4.60147e+00
9	-4.21116e+00
10	-4.55234e+00
