Run	Time
1	0.22719
2	0.23370
3	0.22677
4	0.22721
5	0.22712
6	0.22694
7	0.23254
8	0.22522
9	0.22607
10	0.22532
