Instance	SciPy-DA
1	-8.09800e+00
2	-8.67500e+00
3	-8.53800e+00
4	-8.03800e+00
5	-8.94300e+00
6	-6.99600e+00
7	-7.37700e+00
8	-8.71400e+00
9	-7.57900e+00
10	-7.01500e+00
