Instance	OASIS
1	-7.85218e+00
2	-6.22803e+00
3	-6.73429e+00
4	-6.99504e+00
5	-8.03248e+00
6	-7.24962e+00
7	-6.65401e+00
8	-6.22107e+00
9	-7.55192e+00
10	-6.30012e+00
