Instance	pymoo-GA
1	4.84000e+03
2	3.47600e+03
3	4.59700e+03
4	2.23400e+03
5	3.49200e+03
6	5.41800e+03
7	3.44800e+03
8	9.93900e+03
9	4.33200e+03
10	4.15100e+03
