Run	Time
1	0.38464
2	0.07005
3	0.06881
4	0.07116
5	0.07374
6	0.07392
7	0.07724
8	0.07407
9	0.07014
10	0.08631
