Run	Time
1	0.05054
2	0.04901
3	0.03687
4	0.04676
5	0.04798
6	0.04907
7	0.04085
8	0.04517
9	0.04189
10	0.03114
