Instance	SciPy-DE
1	3.99800e+06
2	4.20800e+06
3	3.06900e+06
4	3.59000e+06
5	4.35600e+06
6	3.81800e+06
7	3.88000e+06
8	4.49100e+06
9	4.12000e+06
10	4.46700e+06
