Instance	ea
1	-6.63821e+07
2	-2.48252e+07
3	-6.00753e+07
4	-5.70282e+06
5	-2.95539e+07
6	-6.04814e+07
7	-9.64131e+06
8	-3.29565e+07
9	-1.74062e+07
10	-7.83446e+06
